herb_id,R.T. min,Classification,Name,Formula,M.W.,Molecular ion peak and fragment (m/z ),Resource,Anti-Covid-19 potential,herb_id,Ingredient_id,herb_target
HBIN023529,0.49,Sugar,D-Gluconic acid,C6H12O7,,"195.0503, 177.0395, 159.0290, 129.0183, 99.0076, 87.0076, 75.0076",,,HBIN023529,d-gluconic acid,[]
HBIN041751,0.52,Aliphatic acid,quinic acid,C7H12O6,192.17,"191.0552, 173.0446, 155.0340, 127.0390, 109.0284, 99.0440, 93.0334, 85.0283, 81.0334, 71.0127, 67.0177",,,HBIN041751,quinic acid,"['CA2', 'PTGS2', 'GRIA2', 'ACHE', 'DPP4']"
HBIN022650,1.33,Phenolic acid ester,Danshensu,C9H10O5,198.17,"197.0453, 179.0343, 135.0442, 123.0442, 109.0284, 99.9244, 95.0488, 89.0383, 72.9919",,[34],HBIN022650,danshensu,"['ADRA2C', 'COL3A1', 'ADRB1', 'TIMP1', 'PTGS1', 'TGFB1', 'ADRB2', 'DPEP1', 'ADRA1D', 'NF1', 'COL1A1', 'ACTB', 'PLAU', 'NOS2', 'CDK2', 'RELA', 'ADRA2A', 'CA2', 'LTA4H', 'CTRB1', 'NPPA', 'PRSS1', 'ACHE', 'ADRA2B', 'SOD1', 'HMOX1', 'MAOB', 'PTGS2', 'DPP4']"
HBIN044342,1.47,Alkaloid,sophocarpine,C15H22N2O,246.35,"247.1802, 245.1647, 229.1693, 186.1151, 179.1541, 174.0914, 150.1279, 138.1277, 136.1120, 134.0959, 122.0965, 110.0969, 108.0811, 98.0967",,[35],HBIN044342,sophocarpine,"['AKT1', 'CTNNB1', 'IL6', 'ITK', 'GSK3B', 'TGFB1', 'TNF', 'MAPK14', 'NFKB1', 'MIR21', 'PTEN']"
HBIN040908,1.6,Phenolic acid,protocatechuic acid,C7H6O4,154.12,"154.0220, 153.0185, 110.0317, 109.0285, 108.0207, 91.0178, 81.0334, 65.0021",,,HBIN040908,protocatechuic acid,"['NFKB1', 'PTGS1', 'IL1B', 'DPEP1', 'CASP9', 'AKT1', 'PRKCZ', 'NFE2L2', 'ALOX5', 'MGAM', 'CDK2', 'PRKCB', 'PRKCA', 'CA2', 'BAX', 'PRSS3', 'CASP3', 'PRSS1', 'MTOR', 'LYZ', 'ACHE', 'PARK7', 'MAOB', 'RAS', 'PTGS2', 'CASP8', 'MMP2', 'IL10', 'PRKCG', 'RHOB', 'BCL2']"
HBIN036584,1.76,Caffeoylquinic acid,neochlorogenic acid (5-O-caffeoylquinic acid),C16H18O9,354.311,"353.0876, 191.0555, 179.0341, 173.0447, 161.0240, 135.0443, 127.0390, 107.0491, 93.0335, 85.0284, 81.0333",,[43],HBIN036584,neochlorogenic acid,"['CA2', 'ESR1', 'GSK3B', 'AR', 'PTGS2', 'NOS2', 'PRSS1', 'DPEP1', 'CDK2', 'DPP4']"
HBIN033621,1.84,Amino acid,L-tryptophan,C11H12N2O2,204.0,"203.0822, 159.0916, 142.0653, 130.0649, 116.0496, 74.0236, 72.0078",,,HBIN033621,l-tryptophan,"['KYAT3', 'PRSS27', 'TRHDE', 'TMPRSS3', 'PAH', 'RPS5', 'CPQ', 'GGCT', 'MASP1', 'PSMD13', 'IMP3', 'PSMA8', 'PSMB5', 'PSMD5', 'RPS14', 'RNPEPL1', 'CORIN', 'ACCSL', 'PRSS33', 'RPS20', 'PSMD11', 'IDO2', 'CTRL', 'RPS15', 'RPS3', 'CHRM4', 'PSMB4', 'TPP2', 'C1S', 'PSME3', 'TPSD1', 'ERMP1', 'SLC6A17', 'SLC6A1', 'TMPRSS11F', 'PLAU', 'PRSS37', 'HP', 'GZMH', 'TMPRSS11D', 'ST14', 'GPT2', 'PSMA4', 'NAALAD2', 'HPR', 'ELANE', 'OVCH1', 'HLA-C', 'TMPRSS5', 'LTA4H', 'MRPS7', 'TH', 'SLC6A16', 'CFD', 'PRSS12', 'PRSS1', 'CTRC', 'SLC6A12', 'KLK5', 'PRSS21', 'TAT', 'SLC6A4', 'TPSAB1', 'RPSA', 'TDO2', 'NAALADL1', 'MRPS5', 'SLC6A19', 'HGF', 'PSMA3', 'PSMB1', 'SLC6A8', 'PSMD12', 'NPEPPS', 'GPT', 'PRSS54', 'GZMM', 'PSMC5', 'AGO2', 'F11', 'SLC7A8', 'TPH1', 'CTSS', 'ERAP1', 'CNOT1', 'SLC3A2', 'MRPS15', 'TMPRSS11A', 'KLKB1', 'HLA-B', 'CNOT9', 'CTRB2', 'BLMH', 'PSMD2', 'F10', 'PSMF1', 'DAO', 'MRPS16', 'TMPRSS11B', 'ANPEP', 'PSMC3', 'PRTN3', 'SLC16A10', 'PRSS48', 'PSMD4', 'RPS27A', 'RPS9', 'HLA-A', 'F2', 'WARS1', 'PRSS36', 'PRSS42P', 'TMPRSS12', 'RPS23', 'F7', 'PLAT', 'KLK10', 'MRPS2', 'CTRB1', 'UBB', 'PRSS38', 'THOP1', 'TMPRSS9', 'MST1', 'KLK9', 'F9', 'PROC', 'MASP2', 'MRPS9', 'PSMB10', 'ENPEP', 'KLK6', 'PSMA7', 'PRSS57', 'CFB', 'PSMD7', 'KLK11', 'PSMB2', 'PSMC4', 'TMPRSS11E', 'CELA1', 'GZMK', 'PSME2', 'CELA3A', 'KLK15', 'TMPRSS6', 'TFRC', 'HPN', 'KLK2', 'PRSS40A', 'UBC', 'ERAP2', 'PSME4', 'PROZ', 'KLK8', 'PSMD3', 'IDO1', 'GZMA', 'TMPRSS2', 'TMPRSS7', 'MRPS18C', 'TMPRSS4', 'RPS29', 'PLG', 'PRSS50', 'SLC6A11', 'IL4I1', 'CRH', 'PSMA5', 'MIPEP', 'SLC6A7', 'MRPS18A', 'PSMA6', 'SLC6A3', 'PSMC6', 'RPS15A', 'KLK13', 'SLC6A18', 'WARS2', 'CELA2A', 'SLC6A20', 'CMA1', 'KLK12', 'FOLH1', 'C1RL', 'PSMB7', 'RPS11', 'PSMD6', 'LNPEP', 'PSMB6', 'CELA3B', 'TMPRSS13', 'LPA', 'SLC6A5', 'HABP2', 'KLK1', 'C2', 'HGFAC', 'PSMD9', 'SLC6A2', 'ACR', 'SLC7A5', 'PSMC2', 'PSMD14', 'TPSG1', 'LVRN', 'KLK14', 'PSMD1', 'RPS18', 'GZMB', 'KYAT1', 'CTSG', 'PSMD10', 'B2M', 'AZU1', 'F12', 'CFI', 'PSME1', 'DDC', 'AOPEP', 'PSMD8', 'SLC6A15', 'MBD2', 'MRPS10', 'TFR2', 'RPS2', 'RNPEP', 'PRSS46P', 'RPS16', 'NLN', 'SLC6A13', 'ACCS', 'PRSS3', 'MRPS12', 'MRPS11', 'PRSS22', 'KLK3', 'MRPS6', 'PRSS53', 'PRSS45P', 'UBA52', 'PRUNE1', 'PRSS8', 'KLK4', 'PSMC1', 'KLK7', 'SLC6A9', 'PSMB11', 'TPH2', 'RPS13', 'PRSS58', 'CELA2B', 'PRSS55', 'NAALADL2', 'TMPRSS15', 'PSMA1', 'CHRM1', 'HLA-G', 'MRPS14']"
HBIN042854,3.0,Glycoside,salidroside,C14H20O7,300.304,"299.1126, 179.0560, 137.0235, 119.0492, 113.0231, 101.0231, 89.0233, 85.0281, 71.0127",,[47],HBIN042854,salidroside,"['PRKAA2', 'ESR1', 'NFKB1', 'DDIT3', 'PIK3CA', 'DPEP1', 'CASP9', 'PIK3CG', 'MET', 'AKT1', 'IL6', 'SIRT1', 'MAPK3', 'KAT2B', 'MAPK1', 'PIK3CD', 'NOS2', 'CDK2', 'RELA', 'CA2', 'FGF2', 'GSK3B', 'MYHC', 'BAX', 'PIK3CB', 'CYCS', 'BCL2L1', 'MTOR', 'ADORA2A', 'PGAM5', 'HIF1A', 'HMOX1', 'MMP9', 'MAPT', 'PARP1', 'PRKAB1', 'PCK1', 'TNF', 'VEGFA', 'DPP4', 'G6PC', 'PTGS2', 'HGF', 'MMP2', 'PRKAA1', 'BCL2']"
HBIN020363,3.85,Caffeoylquinic acid,chlorogenic acid*,C16H18O9,354.31,"353.0873, 191.0554, 173.0446, 161.0236, 109.0285, 93.0335, 85.0283, 81.0333",,[23],HBIN020363,chlorogenic acid,"['CA2', 'ESR1', 'AR', 'PTGS2', 'TPO', 'NOS2', 'PRSS1', 'MT3', 'DPEP1']"
HBIN025796,4.29,Coumarin,esculetin,C9H6O4,178.41,"177.0185, 149.0235, 139.0386, 133.0285, 121.0283, 107.0127, 105.0335, 93.0335, 89.0385, 81.0333, 77.0384",,[16],HBIN025796,esculetin,"['NFKB1', 'CA9', 'CASP9', 'ROS1', 'MAPK3', 'NFE2L2', 'ALOX5', 'E2F1', 'MAPK1', 'MAPK8', 'TNFRSF10A', 'MAPK9', 'CDK4', 'CDK2', 'RELA', 'CDKN1A', 'HERC5', 'MMP3', 'XDH', 'SNCA', 'MMP1', 'CASP3', 'SLC7A1', 'MAPK14', 'CASP8', 'RB1', 'KEAP1', 'DDIT3', 'NQO1', 'BCL2']"
HBIN047738,4.43,Phenolic acid,vanillic acid,C8H8O4,168.15,"167.0388, 152.0108, 123.0439, 108.0206",,[48],HBIN047738,vanillic acid,"['ADRA2A', 'MAOA', 'CA2', 'TYRP1', 'MAOB', 'NOS3', 'CEBPA', 'AR', 'PTGS2', 'PTGS1', 'PRSS1', 'LYZ', 'DPEP1', 'PPARG']"
HBIN003912,4.47,Flavonoid,"2′, 6′-dihydroxypino banksin (2′,3,5,6′, 7-pentahydroxy flavanone)",C15H12O7,304.24,"303.0509, 285.0403, 275.0563, 259.0606, 217.0506, 193.0499, 177.0185, 175.0391, 151.0028, 149.0236, 147.0439, 133.0286, 125.0234, 121.0283, 119.0490, 107.0127, 83.0127, 65.0022",,,HBIN003912,"2',3,5,6',7-pentahydroxyflavanone",[]
HBIN019298,4.65,Phenolic acid,caffeic acid,C9H8O4,180.16,"179.0342, 136.0473, 135.0442, 133.0289, 117.0335, 107.0492, 93.0334, 89.0385, 65.0387",,[51],HBIN019298,caffeic acid,"['ADRA2C', 'IGF2', 'ADRB1', 'PTGS1', 'DPEP1', 'ADRB2', 'ADRA1D', 'MAOA', 'RAC1', 'SLC6A3', 'PLAU', 'NOS2', 'CDK2', 'PRKCB', 'GFAP', 'ADRA2A', 'CA2', 'CTRB1', 'SELP', 'PRSS1', 'AKR1B1', 'LYZ', 'ACHE', 'CYP1A1', 'BTK', 'TNF', 'MAOB', 'PTGS2', 'DPP4']"
HBIN021777,4.86,Caffeoylquinic acid,4-O-caffeoylquinic acid (cryptochlorogenic acid),C16H18O9,354.311,"353.0877, 191.0554, 179.0341, 173.0447, 161.0230, 135.0442, 132.0212, 111.0440, 99.0448, 93.0334, 85.0283, 67.0178",,,HBIN021777,cryptochlorogenic acid,[]
HBIN019307,5.82,Alkaloid,caffeine,C8H10N4O2,194.191,"195.0874, 138.0661, 123.0430, 83.0609, 69.0455",,[52],HBIN019307,caffeine,"['NPS', 'POLD1', 'DRD2', 'FOS', 'JUN', 'ARC', 'TP53', 'TDP1', 'GABRA1', 'PTGS1', 'GRIA2', 'CDK1', 'ATM', 'ADRB2', 'CASP9', 'NPSR1', 'GABRA2', 'ADIPOQ', 'IL6', 'MAPK3', 'TFAM', 'DBT', 'E2F1', 'ITGB3', 'MAPK1', 'CRLF1', 'PDE4B', 'PDE3A', 'NOS2', 'LHB', 'ADORA1', 'CDK2', 'ZFHX3', 'CDKN1A', 'EGR1', 'RUNX1T1', 'ADORA3', 'RELA', 'CTNNB1', 'CA2', 'SLC2A4', 'PIM1', 'BAX', 'CYP1A2', 'INS', 'CASP3', 'RASGRF1', 'ADORA2A', 'ACHE', 'MEF2A', 'FSHB', 'CHRNA4', 'TNF', 'NEK11', 'CCN2', 'PTGS2', 'KCNJ11', 'SLC6A2', 'IER5', 'MEF2D', 'DPP4']"
HBIN036687,6.73,Xanthone,neomangiferin,C25H28O16,584.48,"583.1304, 565.1211, 493.0981, 463.0881, 421.0778, 343.0475, 331.0457, 313.0351, 301.0353, 285.0407, 271.0248, 259.0246, 229.0139, 215.0345, 187.0394, 171.0443, 109.0284",,,HBIN036687,neomangiferin,[]
HBIN001168,6.81,Caffeoylquinic acid,"1,3-O-dicaffeoylquinic acid",C25H24O12,516.455,"515.1191, 353.0878, 335.0776, 191.0555, 179.0343, 161.0238, 135.0443, 127.0397, 107.0493, 85.0284, 81.0331",,[55],HBIN001168,"1,3-dicaffeoylquinic acid",[]
HBIN034394,8.05,Xanthone,mangiferin,C19H18O11,422.34,"421.0777, 403.0670, 331.0457, 313.0351, 301.0353, 298.0105, 285.0400, 271.0248, 259.0246, 243.0296, 227.0345, 215.0344, 199.0396, 187.0394, 171.0443, 159.0442, 143.0495, 109.0283, 95.0129, 79.0177",,"[16,56,57]",HBIN034394,mangiferin,"['CAT', 'PPARA', 'RELA', 'SOD1']"
HBIN047905,8.39,Flavonoid,vicenin-2,C27H30O15,594.52,"593.1510, 503.1222, 473.1085, 395.0803, 383.0769, 365.0660, 353.0663, 337.0723, 325.0716, 297.0768, 283.0607, 203.0341, 161.0236, 135.0444, 117.0336, 93.0335, 79.0178",,[58],HBIN047905,vicenin-2,[]
HBIN043442,8.43,Coumarin,scopoletin,C10H8O4,192.17,"191.0344, 176.0107, 148.0157, 138.0315, 123.0080, 120.0207, 104.0257, 92.0255",,[59],HBIN043442,scopoletin,"['PRKAA2', 'CAT', 'SREBF1', 'MITF', 'CYP2E1', 'CASP3', 'PRKAA1']"
HBIN026465,8.72,Phenolic acid,ferulic acid,C10H10O4,194.19,"193.0500, 179.0297, 178.0264, 149.0598, 134.0364, 132.0208, 121.0286, 106.0414",,[60],HBIN026465,ferulic acid,"['ESR1', 'ADRB1', 'PTGS1', 'DPEP1', 'ADRB2', 'ADRA1D', 'MAOA', 'SLC6A3', 'NOS2', 'CDK2', 'ADRA2A', 'CHRM2', 'CA2', 'LTA4H', 'PRSS1', 'ADRA2B', 'MAOB', 'PTGS2', 'PKIA', 'SLC6A2', 'CHRM1', 'DPP4']"
HBIN043316,8.86,Flavonoid,schaftoside (apigenin-6-glucoside-8-arabinoside),C26H28O14,564.5,"563.1395, 473.1084, 443.0972, 413.0854, 395.0784, 383.0769, 353.0663, 337.0716, 325.0717, 311.0563, 297.0768, 283.0610, 267.0664, 239.0714, 203.0342, 177.0183, 161.0235, 135.0442, 117.0335, 93.0334, 79.0177",,[61],HBIN043316,schaftoside,[]
HBIN033383,9.11,Saponin,liquiritin,C21H22O9,418.4,"255.0660, 211.0394, 183.0451, 153.0185, 135.0078, 119.0492, 108.0204, 93.0334, 91.0178, 89.0232, 65.0021",,[65],HBIN033383,liquiritin,"['F7', 'ESR1', 'CALM3', 'CA2', 'DPP4', 'CCNA2', 'PIM1', 'AR', 'PTGS2', 'KDR', 'NOS2', 'SOD1', 'PPARG']"
HBIN048102,9.19,Flavonoid,vitexin,C21H20O10,432.0,"431.0985, 341.0663, 323.0568, 311.0560, 293.0464, 283.0612, 268.0374, 239.0713, 211.0393, 161.0240, 149.0234, 135.0446, 121.0286, 117.0336",,[66],HBIN048102,vitexin,"['CHKB', 'ESR1', 'TJP1', 'GSK3B', 'PIM1', 'SLC12A2', 'AR', 'PTGS2', 'MAPK7']"
HBIN031221,9.2,Flavonoid,isoschaftoside (apigenin-6-arabinoside-8-glucoside),C26H28O14,564.49,"563.1398, 473.1071, 443.0971, 383.0746, 365.0654, 353.0656, 337.0714, 325.0715, 297.0769, 283.0605, 251.0714, 225.0562, 203.0346, 161.0237, 135.0444, 117.0333, 117.0186, 93.0334, 79.0175",,[58],HBIN031221,isoschaftoside,[]
HBIN026701,9.23,Phenylpropanoid,forsythoside B,C34H44O19,756.7,"755.2389, 623.1978, 593.2012, 179.0348, 161.0236, 133.0286, 89.0236",,,HBIN026701,forsythoside b,"['HMOX1', 'BACH1']"
HBIN014630,9.34,Phenylpropanoid,acteoside (verbascoside) *,C29H36O15,624.59,"623.1979, 461.1674, 179.0340, 161.0236, 133.0285",,[22],HBIN014630,acteoside,"['MAP3K14', 'NOS2', 'ICAM1']"
HBIN042199,9.43,Anthraquinone,rhein,C15H8O6,,"284.0327, 255.0299, 240.0430, 227.0349, 211.0399, 183.0444, 155.0494, 141.0334, 132.0210, 117.0338, 82.0045, 65.0020",,[67],HBIN042199,rhein,"['KL', 'JUN', 'ESR1', 'CHEK1', 'CASP1', 'PTGS1', 'IL1B', 'DPEP1', 'NCOA2', 'IL6', 'DNMT3A', 'CCNA2', 'AR', 'ESR2', 'BCL2', 'NOS2', 'IKBKB', 'CDK2', 'CA2', 'GSK3B', 'PIM1', 'BAX', 'EGFR', 'DNMT1', 'CASP3', 'AKR1B1', 'STAT3', 'PARP1', 'DPP4', 'TNF', 'MAPK14', 'PTGS2', 'PPARG']"
HBIN043437,9.47,Coumarin,scoparone,C11H10O4,206.19,"207.0652, 191.0338, 189.0910, 179.0701, 174.0309, 174.0309, 163.0389, 161.0599, 151.0754, 146.0362, 139.0753, 135.0441, 109.0650, 107.0495, 95.0496, 91.0548, 90.0470, 78.0471, 65.0394",,,HBIN043437,scoparone,"['DECR1', 'ESR1', 'GABRA1', 'PTGS1', 'GRIA2', 'CXCL8', 'NOS1', 'ADRB2', 'DPEP1', 'CCNA2', 'NOS2', 'PPARG', 'CDK2', 'RELA', 'MTRR', 'TYW1', 'DCT', 'CA2', 'LTA4H', 'PIM1', 'NOS3', 'POR', 'TYR', 'NDOR1', 'SLC6A4', 'DPP4', 'TYRP1', 'MAOB', 'CCL2', 'PTGS2', 'PKIA', 'CHRM1', 'NFKBIA']"
HBIN042670,9.5,Flavonoid,rutin,C27H30O16,610.52,"609.1456, 300.0273, 283.0254, 271.0248, 255.0297, 243.0296, 227.0346, 199.0395, 171.0443, 151.0027, 143.0492, 108.0206, 65.0021",,[58],HBIN042670,rutin,"['DIO1', 'HAS2', 'STAT4', 'CXCL8', 'IL1B', 'HMGCR', 'TBXAS1', 'IL6', 'SIRT1', 'TFAM', 'ALOX5', 'FCER2', 'NOS2', 'S100A8', 'UCP1', 'C5AR1', 'PRKCB', 'RELA', 'PPARGC1A', 'CAT', 'GSTP1', 'INS', 'CASP3', 'POR', 'SOD1', 'CXCL1', 'TNF', 'MPO', 'ITGB2', 'TBXA2R', 'IFNG']"
HBIN033867,9.52,Flavonoid,luteoloside (cynaroside),C21H20O11,448.38,"447.0934, 284.0327, 255.0294, 227.0348, 199.0394, 183.0443, 151.0029, 133.0285, 121.0283, 107.0128, 83.0127, 63.0229",,,HBIN033867,luteoloside,"['HMOX1', 'SLC5A2', 'NDOR1', 'NOS3', 'POR', 'NOS2', 'NOS1', 'MTRR', 'TYW1']"
HBIN031102,9.52,Flavonoid,isoquercitrin,C21H20O12,464.38,"463.0879, 300.0275, 283.0255, 271.0248, 255.0297, 243.0296, 227.0346, 199.0395, 151.0027, 108.0205, 65.0022",,[69],HBIN031102,isoquercitrin,"['CA2', 'MRP2', 'CAR']"
HBIN031345,9.53,Flavonoid,isoviolanthin,C27H30O14,578.52,"577.1559, 503.1109, 457.1143, 413.0853, 383.0771, 353.0663, 325.0713, 297.0767, 267.0661, 203.0345, 177.0184, 161.0235, 135.0441, 117.0336, 109.0282, 93.0334, 79.0178",,,HBIN031345,isoviolanthin,[]
HBIN007333,9.59,Caffeoylquinic acid,"3,4-O-dicaffeoylquinic acid",C25H24O12,516.455,"515.1182, 353.0878, 335.0783, 191.0555, 173.0448, 161.0236, 135.0443, 127.0392, 111.0440, 93.0335, 85.0284, 67.0178",,[70],HBIN007333,"3,4-dicaffeoylquinic acid","['AKR1B10', 'AKR1B1']"
HBIN043533,9.72,Flavonoid,scutellarin,C21H18O12,462.37,"463.0861, 287.0547, 269.0435, 241.0481, 169.0131, 119.0493, 95.0133, 85.0290",,[71],HBIN043533,scutellarin,"['FN1', 'MAPK3', 'CA2', 'TNF', 'PIM1', 'MAPK14', 'MAPK1', 'RBPJ', 'CCL2', 'CRK', 'AGT', 'CASP3', 'BCL2L1', 'HES1', 'TGFB1', 'PRKCG', 'AHSA1', 'NOTCH1']"
HBIN042438,9.73,Phenolic acid,R-rosmarinic acid,C18H16O8,360.31,"197.0450, 179.0343, 161.0236, 135.0442, 133.0286, 123.0442, 115.0179",,[19],HBIN042438,rosmarinic acid,"['PRKAA2', 'ESR1', 'IL5', 'SMAD3', 'IDO1', 'STAT1', 'EIF6', 'CCND3', 'PINK1', 'AKT1', 'MAPK3', 'NFE2L2', 'C5', 'MAPK1', 'AR', 'CD86', 'NFATC3', 'MGAM', 'IGHG1', 'CCL11', 'IL2', 'IKBKB', 'RELA', 'CDKN1A', 'F2', 'CDK2', 'C3', 'CA2', 'GSK3B', 'IL4', 'CD247', 'SNCA', 'CCR3', 'CD80', 'CASP3', 'CCL3', 'PRSS1', 'HMOX1', 'DPP4', 'FGFR1', 'TNF', 'MAPK14', 'HMGB1', 'CCL2', 'PTGS2', 'FYN', 'PRKAA1', 'PPARG']"
HBIN030583,9.84,Caffeoylquinic acid,"4,5-O-dicaffeoylquinic acid (isochlorogenic acid C)",C25H24O12,516.45,"353.0876, 203.0345, 191.0554, 179.0342, 173.0447, 161.0238, 135.0442, 127.0391, 111.0442, 93.0335, 85.0283, 67.0178",,,HBIN030583,isochlorogenic acid c,['PRSS1']
HBIN039065,9.92,Alkaloid,peimisine (ebeiensine) *,C27H41NO3,427.629,"410.3040, 393.2769, 337.2153, 303.1956, 213.1639, 197.1322, 142.0777, 119.0857, 114.0917, 84.0814, 67.0550",,[21],HBIN039065,peimisine,"['NR3C1', 'ESR1', 'AR', 'NR3C2']"
HBIN016474,9.93,Flavonoid,cosmosiin (apigenin 7-O-glucoside),C21H20O10,432.4,"268.0378, 239.0345, 223.1337, 211.0397, 195.0446, 183.0444, 151.0029, 117.0335, 83.0128, 63.0229",,,HBIN016474,apigenin-7-o-glucoside,[]
HBIN044393,9.94,Flavonoid,sophoricoside,C21H20O10,432.381,"268.0379, 239.0348, 223.0399, 211.0397, 195.0447, 183.0446, 63.0229",,,HBIN044393,sophoricoside,"['F7', 'CA2', 'CCNA2', 'PIM1', 'AR', 'PTGS2']"
HBIN024193,10.04,Flavonoid,diosmin,C28H32O15,608.54,"299.0561, 284.0327, 255.0297, 227.0346, 151.0028, 133.0285, 107.0128",,[73],HBIN024193,diosmin,"['ESR1', 'CHEK1', 'NFKB1', 'PTGS1', 'IL1B', 'DPEP1', 'NCOA2', 'IL6', 'CCNA2', 'AR', 'ESR2', 'NOS2', 'IL2', 'CDK2', 'CA2', 'GSK3B', 'PIM1', 'IL17A', 'PRSS1', 'NCOA1', 'DPP4', 'TNF', 'MAPK14', 'PTGS2', 'PPARG']"
HBIN017212,10.06,Flavonoid,astragalin,C21H20O11,448.38,"284.0327, 255.0298, 239.0347, 227.0346, 211.0395, 199.0397, 183.0444, 171.0446, 167.0493, 155.0495, 139.0545, 65.0019",,[74],HBIN017212,astragalin,"['ESR1', 'CHEK1', 'PTGS1', 'NCOA2', 'KCNH2', 'CCNA2', 'AR', 'ESR2', 'NOS2', 'PPARG', 'CDK2', 'F7', 'CA2', 'GSK3B', 'PIM1', 'KDR', 'PRSS1', 'MAPK14', 'PTGS2', 'DPP4']"
HBIN031143,10.09,Flavonoid,isorhamnetin-3-O-β-D-glucoside,C22H22O12,478.41,"314.0433, 285.0404, 271.0251, 257.0453, 243.0296, 215.0346, 199.0397, 171.0445, 143.0493, 109.0286, 65.0019",,[75],HBIN031143,(isorhamnetin-3-o-β-d-galactoside,[]
HBIN035104,10.26,Ester,methyl benzoate,C8H8O2,136.148,"122.0364, 107.0495, 95.0498, 94.0418, 91.0548, 81.0704, 77.0393, 66.0472",,,HBIN035104,methyl benzoate,[]
HBIN043527,10.46,Flavonoid,scutellarein,C15H10O6,286.239,"267.0299, 257.0458, 239.0351, 211.0390, 195.0441, 185.0598, 139.0028, 137.0232, 119.0490, 117.0336, 111.0078, 65.0021",,[71],HBIN043527,scutellarein,"['ESR1', 'PTGS1', 'UGT1A3', 'NCOA2', 'CCNA2', 'AR', 'ESR2', 'NOS2', 'CDK2', 'DYM', 'CA2', 'GSK3B', 'UGT1A5', 'PIM1', 'PRSS1', 'CYP1A1', 'VEGFA', 'MAPK14', 'PTGS2', 'PPARG']"
HBIN017512,10.5,Flavonoid,oroxin A (baicalein 7-O-glucoside),C21H20O10,432.38,"269.0456, 241.0504, 223.0396, 136.9871, 111.0077, 65.0021",,,HBIN017512,baicalein-7- glucoside,[]
HBIN022577,10.56,Flavonoid,daidzein,C15H10O4,254.24,"223.0396, 208.0524, 195.0442, 180.0574, 135.0077, 132.0207, 117.0337",,,HBIN022577,daidzein,"['ESR1', 'JUN', 'TP53', 'PTGS1', 'STAT1', 'APOB', 'HSD3B2', 'RBM45', 'AHR', 'HSD3B1', 'PDE3A', 'GH1', 'P4HB', 'RELA', 'IGF1', 'MTTP', 'EP300', 'SCD', 'PRSS1', 'CPT1A', 'TNF', 'MAPK14', 'PTGS2', 'CAV1', 'MAPK1', 'BARD1', 'MKI67', 'CYP21A2', 'CDK2', 'SOD2', 'BAX', 'CASP3', 'BAP1', 'ABCA1', 'IGF1R', 'RAD51', 'RXRA', 'FOS', 'GABBR1', 'ABCG1', 'ECE1', 'ADRB2', 'SRC', 'TRPM2', 'CCNA2', 'FCER2', 'ESR2', 'APOE', 'B4GALT4', 'SLC6A20', 'CDKN1A', 'CAT', 'CA2', 'CD5L', 'ICAM1', 'TGFB1I1', 'CALM3', 'VEGFA', 'ATP5F1B', 'LDLR', 'TFF1', 'PPARG', 'GADD45A', 'CHEK1', 'PRKCD', 'PPARGC1B', 'CYP3A4', 'EIF6', 'IL6', 'NOS2', 'MT2A', 'RHOA', 'IL4', 'VCAM1', 'PIM1', 'NOS3', 'GHR', 'LARS1']"
HBIN025407,10.57,Lignin,(−)-epipinoresinol,C20H22O6,358.39,"342.1107, 313.1458, 221.081524, 209.0816, 161.0600, 147.0443, 137.0599, 122.0364, 11539.0493, 93.0335, 83.0127",,,HBIN025407,(—)epipinoresinol,[]
HBIN033850,10.58,Flavonoid,luteolin 7-O-glucuronide,C21H18O12,462.36,"380.2826, 285.0405, 241.540502, 199.0397, 133.0284, 65.0022",,[76],HBIN033850,luteolin-7-o-diglucuronide,[]
HBIN025406,10.67,Lignin,(+)-epipinoresinol,C20H22O6,358.39,"342.1105, 221.0815, 161.0595, 55147.0444, 122.0364, 93.0335, 83.0127",,,HBIN025406,(+) epipinoresinol,[]
HBIN041495,10.69,Flavonoid,quercetin,C15H10O7,302.23,"245.0448, 211.0403, 178.9980, 164.0104, 151.0028, 149.0232, 139.0393, 121.0286, 117.0335, 109.0285, 107.0127, 93.0334, 83.0127, 65.0021, 63.0228",,"[77,78]",HBIN041495,quercetin,"['COL3A1', 'ESR1', 'JUN', 'SULT1E1', 'TP53', 'GABRA1', 'PTGS1', 'STAT1', 'CXCL10', 'AKT1', 'AHR', 'PLAU', 'DUOX2', 'TOP1', 'RELA', 'RUNX1T1', 'E2F2', 'PON1', 'ABCG2', 'POR', 'SOD3', 'BCL2L1', 'HSPB1', 'PRSS1', 'RUNX2', 'DCAF5', 'ACHE', 'HIF1A', 'SOD1', 'MMP9', 'ACACA', 'TNF', 'MAPK14', 'CCL2', 'PTGS2', 'ACAA2', 'MMP2', 'GJA1', 'CAV1', 'NPEPPS', 'PPARD', 'NR1I3', 'CXCL11', 'HSPA5', 'TGFB1', 'CTSD', 'CRP', 'MAPK3', 'GSTM1', 'MAPK1', 'F3', 'CHEK2', 'IRF1', 'CDK2', 'AHSA1', 'HK2', 'PCOLCE', 'THBD', 'HERC5', 'CLDN4', 'PLAT', 'GSK3B', 'GSTP1', 'NKX3-1', 'SLC2A4', 'F7', 'BAX', 'ELK1', 'MMP1', 'CASP3', 'SELE', 'HSF1', 'NCF1', 'HMOX1', 'SERPINE1', 'CDKN2A', 'CCNB1', 'IL10', 'BCL2', 'RXRA', 'POLD1', 'DIO1', 'FOS', 'IGF2', 'PSMD3', 'ADRB2', 'PPARA', 'NCOA2', 'CASP9', 'COL1A1', 'NFE2L2', 'CCNA2', 'ALOX5', 'AR', 'ESR2', 'PTGER3', 'IL2', 'RAF1', 'IL1A', 'CDKN1A', 'PRKCB', 'CAT', 'MMP3', 'ODC1', 'CA2', 'ACP3', 'CXCL2', 'ERBB3', 'CCND1', 'ICAM1', 'SCN5A', 'CYP1A1', 'NR1I2', 'PARP1', 'CYP1B1', 'MAOB', 'VEGFA', 'MPO', 'RB1', 'EGF', 'NFKBIA', 'BIRC5', 'PPARG', 'DPP4', 'HAS2', 'ERBB2', 'CHEK1', 'CXCL8', 'INSR', 'CYP3A4', 'IL1B', 'CDK1', 'EIF6', 'DPEP1', 'BMP2', 'IL6', 'KCNH2', 'E2F1', 'SPP1', 'TOP2A', 'MGAM', 'NOS2', 'CHUK', 'PRKCA', 'MYC', 'RASA1', 'XDH', 'VCAM1', 'PIM1', 'NOS3', 'EGFR', 'CYP1A2', 'AKR1B1', 'RASSF1', 'IGFBP3', 'CD40LG', 'GSTM2', 'CASP8', 'PTEN', 'NQO1', 'IFNG']"
HBIN025897,10.72,Phenolic ester,ethyl caffeate,C11H12O4,208.12,"179.0342, 161.0237, 137.0238, 135.0442, 133.0286, 115.0179, 105.0336",,,HBIN025897,ethyl caffeate,"['CA2', 'MAOB', 'DPEP1', 'PTGS2', 'PTGS1', 'AMY2A', 'ADRB2', 'PPARG']"
HBIN019425,10.78,Flavonoid,calycosin,C16H12O5,284.27,"268.0378, 251.0350, 239.0345, 211.0397, 195.0448, 183.0444, 167.0495, 155.0494, 148.0155, 135.0079, 119.0127, 91.0177, 65.0020",,,HBIN019425,calycosin,"['CDKN1C', 'ESR1', 'PTGS1', 'SKP1', 'AKT1', 'PDE3A', 'KRT1', 'SQSTM1', 'GPER1', 'BLVRB', 'PRSS1', 'HIF1A', 'MAPK14', 'HMGB1', 'PTGS2', 'LASP1', 'STIP1', 'TGFB1', 'PIK3CA', 'SKP2', 'WDR7', 'MAPK3', 'MAPK1', 'PIK3CD', 'CDK2', 'GSK3B', 'RAD9A', 'BAX', 'PRDX2', 'SERPINE1', 'HMOX1', 'CCNB1', 'ABHD14B', 'PIK3CB', 'BATF2', 'EPO', 'RXRA', 'CDKN2D', 'IL33', 'CCND3', 'ADRB2', 'PIK3R1', 'NCOA2', 'SRC', 'NFE2L2', 'CCNA2', 'AR', 'ESR2', 'TAGLN2', 'MCM5', 'CDKN1A', 'CA2', 'CDK7', 'NME1', 'ERP29', 'CCNG1', 'RBX1', 'KEAP1', 'PPARG', 'GABPA', 'DPP4', 'CHEK1', 'CXCL8', 'IL1B', 'PGAM1', 'DPEP1', 'PCNA', 'PIK3CG', 'IL6', 'MCM6', 'NOS2', 'IL25', 'PRDX1', 'PEBP1', 'PIM1', 'EGFR', 'UBE3A', 'PNPO', 'STAT3', 'NQO1']"
HBIN036366,10.93,Flavonoid,S-naringenin,C15H12O5,272.25,"187.0391, 177.0188, 165.0185, 151.0028, 119.0492, 117.0336, 107.0128, 93.0334, 83.0126, 65.0021, 63.0228",,"[79,80]",HBIN036366,naringenin,"['GSR', 'PKD2', 'ESR1', 'AKR1C1', 'PLB1', 'NFKB1', 'PTGS1', 'SOAT2', 'APOB', 'HMGCR', 'DPEP1', 'PPARA', 'UGT1A1', 'ADIPOQ', 'AKT1', 'GOT1', 'MAPK3', 'TGM2', 'NFE2L2', 'CCNA2', 'MAPK1', 'AR', 'ESR2', 'NOS2', 'PPARG', 'IL2', 'CDK2', 'RELA', 'CES1', 'MTTP', 'CYP19A1', 'BAD', 'CAT', 'SREBF1', 'CA2', 'GSTP1', 'GSK3B', 'SOAT1', 'NLRP3', 'CASP3', 'MAP2K7', 'MTOR', 'SOD1', 'ICMT', 'DPP4', 'MAPK14', 'ABCC1', 'ABAT', 'LDLR', 'FASN', 'PTGS2', 'IFNG', 'BCL2']"
HBIN030301,11.52,Flavonoid,irigenin,C18H16O8,360.31,"344.0535, 329.0302, 314.0068, 311.0193, 301.0354, 286.0118, 270.0168, 258.0168, 230.0216, 202.0266, 185.0237, 174.0313, 65.0021",,[19],HBIN030301,irigenin,"['ESR1', 'CHEK1', 'PTGS1', 'EIF6', 'DPEP1', 'NCOA2', 'KCNH2', 'CCNA2', 'AR', 'ESR2', 'IGHG1', 'NOS2', 'CDK2', 'CDKN1A', 'F7', 'GSK3B', 'CA2', 'PIM1', 'KDR', 'PRSS1', 'SCN5A', 'ACHE', 'NCOA1', 'DPP4', 'CALM3', 'MAPK14', 'PTGS2', 'PPARG']"
HBIN030896,11.54,Chalcone,isoliquiritigenin,C15H12O4,256.257,"169.0646, 153.0185, 135.0078, 119.0493, 117.0338, 93.0335, 91.0178",,[82],HBIN030896,isoliquiritigenin,"['ESR1', 'FOS', 'GABBR1', 'NFKB1', 'PTGS1', 'JAK2', 'IL1B', 'TGFB1', 'ADRB2', 'DPEP1', 'NCOA2', 'AKT1', 'SRC', 'NFE2L2', 'CCNA2', 'F11R', 'AR', 'ESR2', 'NOS2', 'MT2A', 'CDK2', 'CA2', 'FGF2', 'CTTN', 'GSK3B', 'SLC2A1', 'VCAM1', 'BAX', 'PIM1', 'MIR301B', 'NLRP3', 'SELE', 'PRSS1', 'TYR', 'SYT1', 'MMP9', 'DPP4', 'VEGFA', 'MAOB', 'MAPK14', 'PTGS2', 'PTK2', 'PKIA', 'MMP2', 'LRIG1', 'PPARG']"
HBIN044316,11.58,Alkaloid,solancarpidine,C27H43NO2,413.62,"396.3246, 253.1938, 105.0702, 91.0548, 79.0549, 67.0550",,,HBIN044316,solasodine,[]
HBIN017508,11.77,Flavonoid,baicalein*,C15H10O5,270.24,"251.0349, 241.0504, 225.0548, 223.0397, 213.0556, 185.0601, 169.0650, 151.0543, 141.0703, 136.9871, 123.0078, 111.0078, 101.0387, 95.0126",,[19],HBIN017508,baicalein,"['PRKAA2', 'POLD1', 'FOS', 'TJP1', 'CHEK1', 'ESR1', 'TP53', 'NFKB1', 'FABP5', 'IGF2', 'PTGS1', 'IL1B', 'CDK1', 'FOXO3', 'DPEP1', 'APOD', 'CDH1', 'FOSL2', 'NCOA2', 'AKT1', 'FN1', 'MAPK3', 'SRC', 'NFE2L2', 'CCNA2', 'MAPK1', 'AR', 'AHR', 'ESR2', 'BCL2', 'NFATC1', 'NOS2', 'SNAI1', 'PDE3A', 'PPARG', 'CDK2', 'RELA', 'FOSL1', 'NOX5', 'TDRD7', 'CA2', 'GSK3B', 'RUNX3', 'BAX', 'PIM1', 'CYCS', 'CASP3', 'MAP2K7', 'PRSS1', 'HIF1A', 'VIM', 'HMOX1', 'MMP9', 'NCOA1', 'DPP4', 'CALM3', 'TNF', 'VEGFA', 'CCNB1', 'MAPK14', 'MPO', 'PTGS2', 'ALOX12', 'EGLN1', 'CAPN2']"
HBIN026662,11.84,Flavonoid,formononetin,C16H12O4,268.26,"252.0426, 223.0395, 208.0530, 195.0446, 180.0577, 167.0493, 153.0188, 135.0078, 132.0207, 116.0261, 104.0257, 91.0178",,[83],HBIN026662,formononetin,"['RXRA', 'ESR1', 'JUN', 'CHEK1', 'PTGS1', 'HSD3B2', 'ADRB2', 'DPEP1', 'ADRA1D', 'SIRT1', 'DRD1', 'CCNA2', 'AR', 'SLC6A3', 'ESR2', 'HSD3B1', 'PDE3A', 'NOS2', 'CDK2', 'CA2', 'IL4', 'GSK3B', 'PIM1', 'PRSS1', 'ACHE', 'DPP4', 'SLC6A4', 'MAPK14', 'MAOB', 'ATP5F1B', 'PTGS2', 'PKIA', 'CHRM1', 'PPARG']"
HBIN048372,12.37,Flavonoid,wogonin,C16H12O5,284.26,"268.0379, 239.0340, 224.0481, 211.0393, 198.0314, 184.0525, 165.9898, 163.0028, 143.0492, 139.0545, 109.9999, 95.0127, 82.0048, 65.0021",,[84],HBIN048372,wogonin,"['RHOBTB1', 'MMP13', 'CDK9', 'RAP1B', 'PRSS27', 'ESR1', 'JUN', 'CCL17', 'TMPRSS3', 'TP53', 'ARL16', 'GABRA1', 'NFKB1', 'NAT1', 'RAP2B', 'PTGS1', 'TYMS', 'MASP1', 'ARL14', 'ARL5B', 'NOS1', 'RASD2', 'ARL5A', 'PXDNL', 'CORIN', 'PRSS33', 'ARF3', 'AKT1', 'CTRL', 'PXDN', 'TPSD1', 'HRAS', 'TMPRSS11F', 'RHOBTB2', 'C1S', 'PRSS42P', 'ARF4', 'PLAU', 'PRSS37', 'BCL2L2', 'PDE3A', 'HP', 'GZMH', 'CDK4', 'ST14', 'TMPRSS11D', 'LRRK2', 'RELA', 'REM2', 'HPR', 'RHOF', 'GFAP', 'ELANE', 'MUC5B', 'RALB', 'OVCH1', 'RHOD', 'TMPRSS5', 'MDM2', 'RHOJ', 'ARF1', 'ERAS', 'CFD', 'POR', 'PRSS12', 'BCL2L1', 'PRSS1', 'CTRC', 'KLK5', 'PRSS21', 'MMP9', 'CPLANE2', 'MCL1', 'TNF', 'MAPK14', 'HMGB1', 'TPSAB1', 'CCL2', 'PTGS2', 'RHEB', 'ARL17A', 'HGF', 'RAB11B', 'MMP2', 'RAP1A', 'RHEBL1', 'RASL12', 'VWCE', 'PRSS54', 'GZMM', 'F11', 'BOK', 'REM1', 'TPO', 'TIGAR', 'KLKB1', 'TMPRSS11A', 'COL2A1', 'RHOV', 'CTRB2', 'F10', 'ARL11', 'RAC1', 'TMPRSS11B', 'TRP53', 'PRTN3', 'PRSS48', 'BBC3', 'TECTA', 'RAP2C', 'CDK2', 'AHSA1', 'RAB11A', 'F2', 'RIT2', 'RHOU', 'PRSS36', 'TMPRSS12', 'PRSS38', 'F7', 'GSK3B', 'RHOC', 'PLAT', 'CTRB1', 'KLK10', 'BAX', 'RAB25', 'MMP1', 'TMPRSS9', 'MST1', 'DPYD', 'CASP3', 'KLK9', 'F9', 'MRAS', 'PROC', 'RIT1', 'MASP2', 'RAB2B', 'TEP1', 'ARF5', 'NRAS', 'RRAD', 'HMOX1', 'BAK1', 'KLK6', 'ADAMTS4', 'RERGL', 'PRSS57', 'CFB', 'KLK11', 'TMPRSS11E', 'KLK15', 'CELA1', 'GZMK', 'CELA3A', 'TMPRSS6', 'HPN', 'KLK2', 'PLSCR1', 'PRSS40A', 'BCL2', 'RXRA', 'RASD1', 'DIRAS1', 'PROZ', 'KLK8', 'GZMA', 'TMPRSS2', 'MDK', 'RAC3', 'TMPRSS4', 'TMPRSS7', 'ADRB2', 'RABL2B', 'PPARA', 'RND2', 'CASP9', 'PLG', 'RAC2', 'ADIPOQ', 'RASL10A', 'PRSS50', 'BCL2L14', 'NFE2L2', 'CCNA2', 'GEM', 'AR', 'ESR2', 'PTGER3', 'ARL9', 'KLK13', 'CELA2A', 'CMA1', 'ARL1', 'CDKN1A', 'CDKN1B', 'EPX', 'RHOQ', 'MMP3', 'CTNNB1', 'CA2', 'RHOG', 'KLK12', 'C1RL', 'ARL4A', 'RASL11A', 'KDR', 'CCND1', 'CELA3B', 'SCN5A', 'CYP1A1', 'TMPRSS13', 'LPA', 'RAB2A', 'NDOR1', 'RND1', 'RAP2A', 'PARP1', 'CALM3', 'HABP2', 'BCL2A1', 'KLK1', 'C2', 'MPO', 'HGFAC', 'RB1', 'ACR', 'KEAP1', 'PPARG', 'DIRAS3', 'TPSG1', 'DPP4', 'ARL6', 'KLK14', 'RALA', 'CHEK1', 'PRKCD', 'TNFRSF1B', 'GZMB', 'RHOBTB3', 'RABL2A', 'CXCL8', 'ARL4C', 'IL1B', 'ARL4D', 'CTSG', 'EIF6', 'DPEP1', 'OTOGL', 'DNAJC27', 'AZU1', 'F12', 'FN1', 'IL6', 'CFI', 'LPO', 'UMPS', 'RRAS2', 'DIRAS2', 'NOS2', 'RHOH', 'CHUK', 'IKBKB', 'RHOA', 'RND3', 'PRSS46P', 'MYC', 'KCNK10', 'SLC2A1', 'PIM1', 'PRSS3', 'NOS3', 'PRSS22', 'KLK3', 'PRSS53', 'PTN', 'RRAS', 'PRSS45P', 'PRSS8', 'KLK4', 'KLK7', 'RERG', 'KRAS', 'GATA1', 'ARL5C', 'RASL11B', 'PRSS58', 'CELA2B', 'PRSS55', 'MUC6', 'ARL10', 'TMPRSS15', 'CDC42', 'RAB14', 'RHOB']"
HBIN020447,12.48,Flavonoid,chrysin,C15H10O4,254.24,"225.0542, 209.0602, 197.0598, 187.0393, 181.0649, 151.0027, 143.0493, 139.0541, 121.0282, 119.0492, 101.0384, 89.0021, 63.0228",,[85],HBIN020447,chrysin,"['ESR1', 'CHEK1', 'GABRA1', 'NFKB1', 'PTGS1', 'IL1B', 'TGFB1', 'GCLM', 'IL6', 'NFE2L2', 'CCNA2', 'MAPK1', 'AR', 'AHR', 'MS4A2', 'ESR2', 'PDE3A', 'NOS2', 'GCLC', 'CDK2', 'CDKN1A', 'HK2', 'CYP19A1', 'CA2', 'IL4', 'GSK3B', 'PIM1', 'BAX', 'IL17A', 'TRAF6', 'IL13', 'HMOX1', 'SLC6A4', 'DPP4', 'TNF', 'MAOB', 'MAPK14', 'PTGS2', 'PKIA', 'VDAC1', 'TNFAIP3', 'IFNG', 'PPARG']"
HBIN039031,12.55,Flavonoid,pectolinarigenin,C17H14O6,314.29,"298.0484, 283.0247, 269.0444, 255.2970, 239.0348, 227.0349, 211.0394, 185.0235, 164.9821, 136.9870, 117.0336, 65.0015",,[86],HBIN039031,pectolinarigenin,"['ESR1', 'CHEK1', 'PTGS1', 'DPEP1', 'NCOA2', 'CCNA2', 'AR', 'ESR2', 'IGHG1', 'NOS2', 'PPARG', 'CDK2', 'ADRA1B', 'CA2', 'GSK3B', 'PIM1', 'BCL2L1', 'CCND1', 'PRSS1', 'SCN5A', 'ACHE', 'STAT3', 'NCOA1', 'DPP4', 'MCL1', 'PTPN6', 'CALM3', 'MAPK14', 'PTGS2', 'BCL2']"
HBIN033138,13.1,Saponin,licoricesaponin H2 *,C42H62O16,822.9,"193.0349, 113.0234, 85.0283",,[20],HBIN033138,licoricesaponine h2,[]
HBIN012758,13.23,Flavonoid,6-prenylapigenin,C20H18O5,338.36346,"321.0769, 293.0461, 281.0455, 253.0505, 237.0557, 209.0605, 133.0285, 117.0337, 65.0018",,,HBIN012758,6-prenylapigenin,[]
HBIN025041,13.78,Anthraquinone,emodin,C15H10O5,270.24,"241.0503, 227.0350, 225.0553, 223.0393, 210.0319, 195.0446, 182.0367, 171.0444, 157.0650, 115.0543, 105.0336, 92.1612",,[87],HBIN025041,emodin,"['MTA3', 'FOS', 'ESR1', 'CHEK1', 'PRKCD', 'TP53', 'NFKB1', 'PTGS1', 'JAK2', 'IL1B', 'TGFB1', 'DPEP1', 'CDH1', 'NCOA2', 'ATHS', 'ROS1', 'AKT1', 'SRC', 'SLPI', 'ALPP', 'ALPL', 'PRKCE', 'CCNA2', 'AR', 'ESR2', 'NFATC1', 'IGHG1', 'NOS2', 'CDK2', 'CDKN1A', 'CCL27', 'CSF2', 'MYC', 'CTNNB1', 'CA2', 'ACTA2', 'F7', 'SLC2A4', 'ATRNL1', 'SLC2A1', 'GSK3B', 'PIM1', 'MMP1', 'PPP1R14A', 'CASP3', 'KDR', 'PRSS1', 'JAK1', 'RUNX2', 'NAT10', 'CYP1A1', 'EDN1', 'TNFSF11', 'ASRGL1', 'VIM', 'BTK', 'FLT4', 'STAT3', 'MMP9', 'NCOA1', 'TWIST1', 'PDLIM3', 'CALM3', 'DPP4', 'TNF', 'FLT1', 'BGLAP', 'MAOB', 'MAPK14', 'PTGS2', 'EGF', 'PPARG']"
HBIN021795,13.78,Phenanthra quinone,cryptotanshinone,C19H20O3,296.4,"268.1107, 249.0916, 235.0760, 221.0952, 207.0811, 193.1016, 183.0801, 178.0778, 165.0699, 153.0699, 141.0698, 128.0621, 115.0544, 91.0545",,[15],HBIN021795,cryptotanshinone,"['BIRC5', 'PTPN11', 'APP', 'ESR1', 'GABRA1', 'NFKB1', 'PTGS1', 'OPRD1', 'TGFB1', 'ADRB2', 'ADRA1D', 'CASP9', 'NCOA2', 'SMAD2', 'CASP7', 'OPRM1', 'CHRM3', 'CHRM4', 'NOX4', 'DRD1', 'CCNA2', 'AR', 'ESR2', 'NOS2', 'CHRM5', 'IKBKB', 'RELA', 'CYP17A1', 'CDK2', 'ADRA1B', 'GFAP', 'OLR1', 'PGR', 'CHRM2', 'CA2', 'GSK3B', 'PIM1', 'BAX', 'CASP3', 'DNM1L', 'BCL2L1', 'CCND1', 'GLIS3', 'PRSS1', 'SCN5A', 'ACHE', 'EDN1', 'AKT2', 'MMP9', 'STAT3', 'NCOA1', 'DPP4', 'TNF', 'PTGS2', 'S100B', 'CHRM1', 'PAX5', 'CHRNA7', 'ADRA1A']"
HBIN024164,13.86,Steroid,diosgenin,C27H42O3,414.6,"283.2414, 271.2053, 253.1948, 211.1481, 197.1326, 171.1167, 119.0858, 105.0702, 91.0548, 79.0549, 69.0706",,,HBIN024164,diosgenin,"['ESR1', 'TP53', 'RPL17', 'NR3C2', 'AKT1', 'MAPK3', 'PDCD1', 'MAPK1', 'AR', 'RELA', 'CDKN1A', 'PGR', 'CAT', 'PLA2G4A', 'RPL17-C18ORF32', 'MTOR', 'NR1I2', 'HIF1A', 'SOD1', 'TNFRSF10B', 'VEGFA', 'MAPK14', 'PTGS2', 'ABCC2', 'FASN', 'NR3C1']"
HBIN045506,14.26,Phenanthra quinone,tanshinone IIA*,C19H18O3,294.3,"280.1089, 277.2162, 262.0979, 249.1270, 234.1039, 219.0802, 195.0795, 191.0855, 189.0703, 178.0776, 165.0696, 152.0617",,[15–19],HBIN045506,tanshinone iia,"['RXRA', 'FOS', 'JUN', 'PARP4', 'ESR1', 'TP53', 'CHEK1', 'ECE1', 'EDNRA', 'CYP3A4', 'OPRD1', 'ADRB2', 'ADRA1D', 'SRC', 'CHRM3', 'CHRM4', 'OPRM1', 'CCNA2', 'DRD1', 'ITGB3', 'AR', 'ESR2', 'BCL2', 'NOS2', 'CHRM5', 'CDK2', 'RELA', 'CDKN1A', 'AHSA1', 'MYC', 'CHRM2', 'GSK3B', 'PIM1', 'CYP1A2', 'NPM1', 'CASP3', 'ACHE', 'CYP1A1', 'EDN1', 'NR1I2', 'SCN5A', 'MMP9', 'NCOA1', 'CALCR', 'DPP4', 'MAPK14', 'PTGS2', 'FASN', 'CHRM1', 'CHRNA7', 'NFKBIA']"
HBIN002095,14.57,Saponin,18β-glycyrrhetinic acid,C30H46O4,470.68,"425.3437, 355.2644",,,HBIN002095,18beta-glycyrrhetinic acid,"['SDR16C5', 'DHRSX', 'PTPN11', 'DECR1', 'PECR', 'CBR4', 'AKR1C1', 'AKR1C3', 'BDH2', 'HSD17B14', 'RDH13', 'NOS1', 'HSD17B11', 'DHRS4L2', 'RDH16', 'CTNNA1', 'NR3C2', 'DHRS12', 'HSDL2', 'SRC', 'DHRS2', 'HRAS', 'ANPEP', 'HSD11B1', 'AKR1C4', 'AR', 'BDH1', 'HSD17B1', 'SLCO1B1', 'NOS2', 'HSD17B6', 'RDH12', 'RDH5', 'MTRR', 'SDR9C7', 'TYW1', 'HSD17B2', 'REN', 'SLCO1B3', 'CTNNB1', 'RDH10', 'DHRS1', 'PTGR2', 'JUP', 'DHRS13', 'HPGD', 'DHRS7B', 'HSD17B13', 'NOS3', 'RDH8', 'POR', 'C2orf81', 'ICAM1', 'CBR3', 'DHRS7C', 'RDH14', 'CBR1', 'NDOR1', 'HSD11B2', 'DECR2', 'HSD17B8', 'RDH11', 'NR3C1', 'HSD11B1L', 'ABCB1', 'GJA1', 'AKR1C2', 'DHRS4']"
HBIN012366,15.63,Phytophenol,6-gingerol,C17H26O4,294.39,"277.1618, 179.0527, 167.0525, 165.0368, 151.0754, 137.042, 135.0804, 133.0648, 107.0861, 105.0702, 103.0546, 95.0496, 91.0548, 87.0269",,[88],HBIN012366,6-gingerol,"['BIRC5', 'ATP8B2', 'GDF15', 'ESR1', 'JUN', 'TP53', 'ATP1A1', 'ATP1A2', 'ADRB1', 'ATP2A2', 'ATP13A1', 'CFLAR', 'CYP3A4', 'KLKB1', 'ADRB2', 'DPEP1', 'DUSP10', 'CASP9', 'ADRA1D', 'ATP12A', 'ATP4A', 'BID', 'PRNP', 'AR', 'APAF1', 'SLC6A3', 'PDE3A', 'NOS2', 'PPARG', 'CDK4', 'ATP11C', 'RELA', 'ADRA1B', 'ATP2A3', 'CA2', 'LTA4H', 'BAX', 'ATP11B', 'CASP3', 'CCND1', 'ATP2A1', 'ADRA1A', 'ACHE', 'SCN5A', 'MMP9', 'TNFRSF10B', 'XIAP', 'ATP8B4', 'SLC6A4', 'ATP10A', 'ATP1A3', 'ATP1A4', 'DPP4', 'PTGS2', 'ATP2C2', 'MMP2', 'SLC6A2', 'CHRM1', 'BCL2']"
